rank,file,t_sec,score,U,A,D,n_boxes,n_ambiguous,empty,selected
1,frame_0030.jpg,12.0,0.8347,0.8694,0.6667,1.0,8,6,False,True
2,frame_0078.jpg,31.2,0.8246,0.7798,0.8889,0.84,9,8,False,True
3,frame_0031.jpg,12.4,0.8012,0.8691,0.5556,1.0,9,5,False,False
4,frame_0001.jpg,0.4,0.777,0.754,0.6667,1.0,12,6,False,True
5,frame_0074.jpg,29.6,0.774,0.8146,0.5556,1.0,9,5,False,False
6,frame_0128.jpg,51.2,0.7499,0.8304,0.5556,0.84,9,5,False,True
7,frame_0076.jpg,30.4,0.7483,0.862,0.4444,0.92,10,4,False,False
8,frame_0003.jpg,1.2,0.7439,0.8211,0.4444,1.0,8,4,False,False
9,frame_0004.jpg,1.6,0.7427,0.7521,0.5556,1.0,9,5,False,False
10,frame_0075.jpg,30.0,0.7375,0.7576,0.5556,0.96,9,5,False,False
11,frame_0130.jpg,52.0,0.7264,0.7515,0.5556,0.92,12,5,False,False
12,frame_0033.jpg,13.2,0.7235,0.7804,0.4444,1.0,9,4,False,False
13,frame_0082.jpg,32.8,0.7215,0.8376,0.5556,0.68,8,5,False,False
14,frame_0068.jpg,27.2,0.7203,0.7073,0.5556,1.0,9,5,False,True
15,frame_0129.jpg,51.6,0.7127,0.6734,0.6667,0.88,10,6,False,False
16,frame_0010.jpg,4.0,0.7048,0.7429,0.4444,1.0,4,4,False,True
17,frame_0186.jpg,74.4,0.6923,0.8352,0.8889,0.04,12,8,False,True
18,frame_0029.jpg,11.6,0.6915,0.7163,0.4444,1.0,9,4,False,False
19,frame_0374.jpg,149.6,0.6913,0.9026,0.6667,0.2,11,6,False,True
20,frame_0081.jpg,32.4,0.6903,0.626,0.7778,0.72,8,7,False,False
21,frame_0208.jpg,83.2,0.6873,0.8039,0.4444,0.76,6,4,False,True
22,frame_0026.jpg,10.4,0.6869,0.7072,0.4444,1.0,8,4,False,False
23,frame_0288.jpg,115.2,0.6826,0.8106,0.4444,0.72,10,4,False,True
24,frame_0126.jpg,50.4,0.6767,0.7827,0.4444,0.76,10,4,False,False
25,frame_0005.jpg,2.0,0.6763,0.686,0.4444,1.0,7,4,False,False
26,frame_0175.jpg,70.0,0.6746,0.7039,0.8889,0.28,9,8,False,True
27,frame_0021.jpg,8.4,0.6728,0.5456,0.6667,1.0,7,6,False,True
28,frame_0127.jpg,50.8,0.6724,0.7582,0.4444,0.8,10,4,False,False
29,frame_0291.jpg,116.4,0.6696,0.6699,0.5556,0.84,9,5,False,False
30,frame_0289.jpg,115.6,0.6687,0.7668,0.4444,0.76,9,4,False,False
31,frame_0292.jpg,116.8,0.663,0.8726,0.2222,0.8,8,2,False,False
32,frame_0032.jpg,12.8,0.6628,0.7256,0.3333,1.0,10,3,False,False
33,frame_0077.jpg,30.8,0.6624,0.6395,0.5556,0.88,10,5,False,False
34,frame_0013.jpg,5.2,0.6603,0.7872,0.2222,1.0,4,2,False,False
35,frame_0397.jpg,158.8,0.6576,0.8352,0.6667,0.2,10,6,False,False
36,frame_0323.jpg,129.2,0.6559,0.8638,0.6667,0.12,11,6,False,False
37,frame_0307.jpg,122.8,0.6535,0.6937,0.8889,0.2,13,8,False,False
38,frame_0079.jpg,31.6,0.6483,0.5766,0.6667,0.8,12,6,False,False
39,frame_0290.jpg,116.0,0.6471,0.7743,0.3333,0.8,11,3,False,False
40,frame_0315.jpg,126.0,0.6435,0.9056,0.5556,0.12,11,5,False,False
41,frame_0000.jpg,0.0,0.6431,0.5528,0.5556,1.0,10,5,False,False
42,frame_0022.jpg,8.8,0.6428,0.6856,0.3333,1.0,9,3,False,False
43,frame_0317.jpg,126.8,0.641,0.8687,0.5556,0.2,12,5,False,False
44,frame_0108.jpg,43.2,0.6405,0.665,1.0,0.04,12,9,False,False
45,frame_0069.jpg,27.6,0.64,0.6133,0.4444,1.0,10,4,False,False
46,frame_0006.jpg,2.4,0.639,0.678,0.3333,1.0,6,3,False,False
47,frame_0117.jpg,46.8,0.6385,0.7837,0.5556,0.4,10,5,False,False
48,frame_0067.jpg,26.8,0.6373,0.6746,0.3333,1.0,9,3,False,False
49,frame_0073.jpg,29.2,0.6367,0.6734,0.3333,1.0,8,3,False,False
50,frame_0016.jpg,6.4,0.6353,0.6707,0.3333,1.0,7,3,False,False
51,frame_0207.jpg,82.8,0.6305,0.6744,0.4444,0.8,6,4,False,False
52,frame_0018.jpg,7.2,0.6297,0.5928,0.4444,1.0,8,4,False,False
53,frame_0133.jpg,53.2,0.6282,0.5897,0.4444,1.0,11,4,False,False
54,frame_0088.jpg,35.2,0.6254,0.7415,0.5556,0.44,9,5,False,False
55,frame_0205.jpg,82.0,0.6233,0.6253,0.5556,0.72,7,5,False,False
56,frame_0027.jpg,10.8,0.6227,0.5788,0.4444,1.0,6,4,False,False
57,frame_0286.jpg,114.4,0.6185,0.6476,0.5556,0.64,8,5,False,False
58,frame_0301.jpg,120.4,0.6145,0.7864,0.4444,0.44,12,4,False,False
59,frame_0080.jpg,32.0,0.6132,0.6558,0.4444,0.76,11,4,False,False
60,frame_0176.jpg,70.4,0.6099,0.6572,0.7778,0.24,10,7,False,False
61,frame_0002.jpg,0.8,0.6055,0.6111,0.3333,1.0,9,3,False,False
62,frame_0092.jpg,36.8,0.6053,0.6985,0.6667,0.28,10,6,False,False
63,frame_0328.jpg,131.2,0.6041,0.8428,0.5556,0.08,12,5,False,False
64,frame_0090.jpg,36.0,0.6027,0.6613,0.6667,0.36,9,6,False,False
65,frame_0085.jpg,34.0,0.6026,0.7146,0.4444,0.56,8,4,False,False
66,frame_0173.jpg,69.2,0.6022,0.7938,0.4444,0.36,7,4,False,False
67,frame_0023.jpg,9.2,0.5999,0.5999,0.3333,1.0,7,3,False,False
68,frame_0283.jpg,113.2,0.5991,0.7236,0.4444,0.52,8,4,False,False
69,frame_0206.jpg,82.4,0.5987,0.6934,0.3333,0.76,7,3,False,False
70,frame_0398.jpg,159.2,0.5982,0.8338,0.4444,0.24,11,4,False,False
71,frame_0282.jpg,112.8,0.598,0.8041,0.3333,0.48,8,3,False,False
72,frame_0089.jpg,35.6,0.5977,0.7688,0.4444,0.4,7,4,False,False
73,frame_0389.jpg,155.6,0.5974,0.6802,0.7778,0.12,11,7,False,False
74,frame_0185.jpg,74.0,0.5955,0.8924,0.4444,0.08,13,4,False,False
75,frame_0221.jpg,88.4,0.5949,0.6938,0.6667,0.24,11,6,False,False
76,frame_0194.jpg,77.6,0.5939,0.6758,0.6667,0.28,7,6,False,False
77,frame_0007.jpg,2.8,0.5928,0.519,0.4444,1.0,5,4,False,False
78,frame_0287.jpg,114.8,0.5924,0.7129,0.3333,0.68,8,3,False,False
79,frame_0318.jpg,127.2,0.5906,0.6852,0.6667,0.24,10,6,False,False
80,frame_0222.jpg,88.8,0.5904,0.9009,0.3333,0.2,9,3,False,False
81,frame_0028.jpg,11.2,0.5895,0.6456,0.2222,1.0,7,2,False,False
82,frame_0396.jpg,158.4,0.5882,0.779,0.5556,0.16,10,5,False,False
83,frame_0131.jpg,52.4,0.5855,0.587,0.3333,0.96,9,3,False,False
84,frame_0017.jpg,6.8,0.584,0.5681,0.3333,1.0,5,3,False,False
85,frame_0093.jpg,37.2,0.5789,0.7952,0.4444,0.24,7,4,False,False
86,frame_0116.jpg,46.4,0.5787,0.8801,0.2222,0.36,9,2,False,False
87,frame_0303.jpg,121.2,0.5763,0.6752,0.5556,0.36,10,5,False,False
88,frame_0370.jpg,148.0,0.5763,0.67,0.7778,0.04,9,7,False,False
89,frame_0329.jpg,131.6,0.5762,0.7204,0.6667,0.08,14,6,False,False
90,frame_0327.jpg,130.8,0.5757,0.8688,0.4444,0.04,14,4,False,False
91,frame_0377.jpg,150.8,0.5753,0.7692,0.5556,0.12,10,5,False,False
92,frame_0308.jpg,123.2,0.5731,0.7488,0.5556,0.16,9,5,False,False
93,frame_0300.jpg,120.0,0.5727,0.82,0.2222,0.48,9,2,False,False
94,frame_0180.jpg,72.0,0.5713,0.7105,0.6667,0.08,9,6,False,False
95,frame_0223.jpg,89.2,0.571,0.7446,0.5556,0.16,10,5,False,False
96,frame_0211.jpg,84.4,0.5703,0.618,0.4444,0.64,6,4,False,False
97,frame_0014.jpg,5.6,0.5696,0.6725,0.1111,1.0,6,1,False,False
98,frame_0072.jpg,28.8,0.5679,0.6024,0.2222,1.0,8,2,False,False
99,frame_0202.jpg,80.8,0.5678,0.6956,0.3333,0.6,7,3,False,False
100,frame_0330.jpg,132.0,0.5675,0.7189,0.6667,0.04,11,6,False,False
101,frame_0123.jpg,49.2,0.5664,0.6101,0.4444,0.64,9,4,False,False
102,frame_0225.jpg,90.0,0.5661,0.7002,0.6667,0.08,10,6,False,False
103,frame_0203.jpg,81.2,0.566,0.6761,0.3333,0.64,8,3,False,False
104,frame_0095.jpg,38.0,0.5657,0.7341,0.5556,0.16,11,5,False,False
105,frame_0390.jpg,156.0,0.5652,0.6983,0.6667,0.08,10,6,False,False
106,frame_0376.jpg,150.4,0.5647,0.732,0.5556,0.16,10,5,False,False
107,frame_0299.jpg,119.6,0.5641,0.7202,0.3333,0.52,7,3,False,False
108,frame_0231.jpg,92.4,0.5604,0.7234,0.5556,0.16,9,5,False,False
109,frame_0297.jpg,118.8,0.5593,0.6787,0.3333,0.6,6,3,False,False
110,frame_0387.jpg,154.8,0.559,0.7046,0.5556,0.2,12,5,False,False
111,frame_0293.jpg,117.2,0.5579,0.6118,0.3333,0.76,6,3,False,False
112,frame_0379.jpg,151.6,0.5572,0.8318,0.4444,0.04,11,4,False,False
113,frame_0229.jpg,91.6,0.557,0.8153,0.4444,0.08,11,4,False,False
114,frame_0019.jpg,7.6,0.5562,0.5124,0.3333,1.0,5,3,False,False
115,frame_0324.jpg,129.6,0.5558,0.7462,0.5556,0.08,11,5,False,False
116,frame_0008.jpg,3.2,0.5556,0.5778,0.2222,1.0,4,2,False,False
117,frame_0024.jpg,9.6,0.5549,0.5099,0.3333,1.0,8,3,False,False
118,frame_0025.jpg,10.0,0.5529,0.4392,0.4444,1.0,9,4,False,False
119,frame_0177.jpg,70.8,0.5527,0.7588,0.4444,0.2,10,4,False,False
120,frame_0399.jpg,159.6,0.5525,0.8597,0.2222,0.28,8,2,False,False
121,frame_0167.jpg,66.8,0.5515,0.5964,0.4444,0.6,7,4,False,False
122,frame_0011.jpg,4.4,0.5487,0.4974,0.3333,1.0,5,3,False,False
123,frame_0120.jpg,48.0,0.5485,0.689,0.3333,0.52,10,3,False,False
124,frame_0268.jpg,107.2,0.5478,0.7969,0.4444,0.08,8,4,False,False
125,frame_0230.jpg,92.0,0.5467,0.912,0.2222,0.12,14,2,False,False
126,frame_0084.jpg,33.6,0.544,0.6481,0.3333,0.6,8,3,False,False
127,frame_0274.jpg,109.6,0.5427,0.7547,0.4444,0.16,10,4,False,False
128,frame_0278.jpg,111.2,0.5405,0.6863,0.4444,0.32,8,4,False,False
129,frame_0094.jpg,37.6,0.5402,0.6671,0.5556,0.2,11,5,False,False
130,frame_0333.jpg,133.2,0.5391,0.7795,0.4444,0.08,11,4,False,False
131,frame_0212.jpg,84.8,0.5388,0.571,0.4444,0.6,8,4,False,False
132,frame_0096.jpg,38.4,0.5386,0.6958,0.5556,0.12,10,5,False,False
133,frame_0168.jpg,67.2,0.5374,0.7174,0.2222,0.56,6,2,False,False
134,frame_0179.jpg,71.6,0.5372,0.6263,0.6667,0.12,9,6,False,False
135,frame_0109.jpg,43.6,0.537,0.5754,0.7778,0.08,12,7,False,False
136,frame_0200.jpg,80.0,0.5365,0.665,0.3333,0.52,4,3,False,False
137,frame_0083.jpg,33.2,0.5357,0.4821,0.5556,0.64,10,5,False,False
138,frame_0172.jpg,68.8,0.5347,0.6428,0.4444,0.4,8,4,False,False
139,frame_0189.jpg,75.6,0.5344,0.7034,0.5556,0.08,6,5,False,False
140,frame_0113.jpg,45.2,0.5339,0.7052,0.4444,0.24,6,4,False,False
141,frame_0320.jpg,128.0,0.5337,0.7714,0.3333,0.24,10,3,False,False
142,frame_0105.jpg,42.0,0.5328,0.5002,0.8889,0.08,11,8,False,False
143,frame_0321.jpg,128.4,0.5311,0.7155,0.4444,0.2,9,4,False,False
144,frame_0298.jpg,119.2,0.5282,0.6324,0.3333,0.56,6,3,False,False
145,frame_0110.jpg,44.0,0.5281,0.6081,0.6667,0.12,10,6,False,False
146,frame_0204.jpg,81.6,0.5281,0.7175,0.1111,0.68,7,1,False,False
147,frame_0091.jpg,36.4,0.5268,0.659,0.4444,0.32,8,4,False,False
148,frame_0316.jpg,126.4,0.5261,0.7216,0.4444,0.16,10,4,False,False
149,frame_0375.jpg,150.0,0.5247,0.5693,0.6667,0.2,10,6,False,False
150,frame_0386.jpg,154.4,0.5245,0.6864,0.4444,0.24,9,4,False,False
151,frame_0275.jpg,110.0,0.5233,0.7,0.4444,0.2,10,4,False,False
152,frame_0119.jpg,47.6,0.5229,0.6539,0.3333,0.48,9,3,False,False
153,frame_0373.jpg,149.2,0.5229,0.6485,0.5556,0.16,9,5,False,False
154,frame_0124.jpg,49.6,0.5221,0.5723,0.3333,0.68,11,3,False,False
155,frame_0015.jpg,6.0,0.5213,0.5093,0.2222,1.0,5,2,False,False
156,frame_0273.jpg,109.2,0.5196,0.7245,0.4444,0.12,9,4,False,False
157,frame_0070.jpg,28.0,0.5164,0.4995,0.2222,1.0,10,2,False,False
158,frame_0224.jpg,89.6,0.5146,0.7812,0.3333,0.12,9,3,False,False
159,frame_0071.jpg,28.4,0.5142,0.4951,0.2222,1.0,10,2,False,False
160,frame_0178.jpg,71.2,0.5142,0.7645,0.3333,0.16,8,3,False,False
161,frame_0100.jpg,40.0,0.5118,0.6743,0.5556,0.04,8,5,False,False
162,frame_0367.jpg,146.8,0.5106,0.7226,0.4444,0.08,8,4,False,False
163,frame_0306.jpg,122.4,0.5096,0.7232,0.3333,0.24,9,3,False,False
164,frame_0378.jpg,151.2,0.5095,0.6536,0.5556,0.08,10,5,False,False
165,frame_0215.jpg,86.0,0.5086,0.6252,0.3333,0.48,6,3,False,False
166,frame_0267.jpg,106.8,0.507,0.7661,0.3333,0.12,6,3,False,False
167,frame_0233.jpg,93.2,0.5048,0.5803,0.5556,0.24,9,5,False,False
168,frame_0216.jpg,86.4,0.5047,0.6334,0.3333,0.44,7,3,False,False
169,frame_0118.jpg,47.2,0.5031,0.6969,0.2222,0.44,10,2,False,False
170,frame_0009.jpg,3.6,0.5024,0.4714,0.2222,1.0,4,2,False,False
171,frame_0319.jpg,127.6,0.5002,0.6884,0.3333,0.28,10,3,False,False
172,frame_0125.jpg,50.0,0.4998,0.4449,0.4444,0.72,9,4,False,False
173,frame_0372.jpg,148.8,0.4995,0.6176,0.5556,0.12,10,5,False,False
174,frame_0087.jpg,34.8,0.4976,0.5365,0.4444,0.48,8,4,False,False
175,frame_0170.jpg,68.0,0.4958,0.5996,0.3333,0.48,11,3,False,False
176,frame_0012.jpg,4.8,0.4957,0.458,0.2222,1.0,5,2,False,False
177,frame_0020.jpg,8.0,0.4942,0.455,0.2222,1.0,6,2,False,False
178,frame_0184.jpg,73.6,0.4919,0.8185,0.2222,0.08,8,2,False,False
179,frame_0112.jpg,44.8,0.4909,0.7019,0.3333,0.2,6,3,False,False
180,frame_0332.jpg,132.8,0.4902,0.6978,0.4444,0.04,12,4,False,False
181,frame_0304.jpg,121.6,0.4876,0.5805,0.4444,0.32,11,4,False,False
182,frame_0325.jpg,130.0,0.4856,0.7553,0.3333,0.04,10,3,False,False
183,frame_0214.jpg,85.6,0.4849,0.6284,0.2222,0.52,7,2,False,False
184,frame_0394.jpg,157.6,0.4846,0.8038,0.2222,0.08,9,2,False,False
185,frame_0169.jpg,67.6,0.4841,0.5602,0.3333,0.52,8,3,False,False
186,frame_0314.jpg,125.6,0.4836,0.7353,0.3333,0.08,8,3,False,False
187,frame_0188.jpg,75.2,0.4825,0.5489,0.6667,0.04,12,6,False,False
188,frame_0322.jpg,128.8,0.4768,0.4896,0.6667,0.16,9,6,False,False
189,frame_0171.jpg,68.4,0.4761,0.7762,0.0,0.44,9,0,False,False
190,frame_0305.jpg,122.0,0.4759,0.6399,0.3333,0.28,7,3,False,False
191,frame_0228.jpg,91.2,0.4753,0.6012,0.5556,0.04,10,5,False,False
192,frame_0276.jpg,110.4,0.4752,0.6544,0.3333,0.24,7,3,False,False
193,frame_0309.jpg,123.6,0.475,0.6353,0.4444,0.12,7,4,False,False
194,frame_0284.jpg,113.6,0.473,0.6553,0.1111,0.56,6,1,False,False
195,frame_0219.jpg,87.6,0.4722,0.7497,0.1111,0.32,6,1,False,False
196,frame_0122.jpg,48.8,0.472,0.504,0.3333,0.6,7,3,False,False
197,frame_0195.jpg,78.0,0.4712,0.481,0.5556,0.32,7,5,False,False
198,frame_0388.jpg,155.2,0.4711,0.6783,0.3333,0.16,10,3,False,False
199,frame_0368.jpg,147.2,0.4708,0.6589,0.4444,0.04,12,4,False,False
200,frame_0220.jpg,88.0,0.4675,0.6896,0.2222,0.28,7,2,False,False
201,frame_0102.jpg,40.8,0.4635,0.6791,0.3333,0.12,8,3,False,False
202,frame_0391.jpg,156.4,0.4626,0.6426,0.4444,0.04,10,4,False,False
203,frame_0103.jpg,41.2,0.4617,0.5928,0.4444,0.16,8,4,False,False
204,frame_0381.jpg,152.4,0.4578,0.633,0.4444,0.04,11,4,False,False
205,frame_0295.jpg,118.0,0.4542,0.4365,0.3333,0.68,8,3,False,False
206,frame_0371.jpg,148.4,0.4536,0.6086,0.4444,0.08,8,4,False,False
207,frame_0197.jpg,78.8,0.4509,0.6085,0.2222,0.4,3,2,False,False
208,frame_0285.jpg,114.0,0.4445,0.5824,0.1111,0.6,8,1,False,False
209,frame_0132.jpg,52.8,0.4435,0.3537,0.2222,1.0,10,2,False,False
210,frame_0174.jpg,69.6,0.4395,0.6176,0.2222,0.32,9,2,False,False
211,frame_0395.jpg,158.0,0.4378,0.6942,0.2222,0.12,8,2,False,False
212,frame_0115.jpg,46.0,0.4373,0.6799,0.1111,0.32,6,1,False,False
213,frame_0183.jpg,73.2,0.4348,0.6536,0.3333,0.04,6,3,False,False
214,frame_0232.jpg,92.8,0.4342,0.455,0.5556,0.2,9,5,False,False
215,frame_0384.jpg,153.6,0.4335,0.5364,0.4444,0.16,9,4,False,False
216,frame_0296.jpg,118.4,0.4321,0.4748,0.2222,0.64,7,2,False,False
217,frame_0201.jpg,80.4,0.4313,0.5053,0.2222,0.56,6,2,False,False
218,frame_0217.jpg,86.8,0.4296,0.4992,0.3333,0.4,7,3,False,False
219,frame_0393.jpg,157.2,0.4295,0.7097,0.2222,0.04,11,2,False,False
220,frame_0193.jpg,77.2,0.4286,0.5613,0.3333,0.24,9,3,False,False
221,frame_0181.jpg,72.4,0.4277,0.6394,0.3333,0.04,8,3,False,False
222,frame_0271.jpg,108.4,0.4253,0.6347,0.3333,0.04,7,3,False,False
223,frame_0106.jpg,42.4,0.4195,0.623,0.3333,0.04,9,3,False,False
224,frame_0199.jpg,79.6,0.4181,0.5108,0.2222,0.48,5,2,False,False
225,frame_0086.jpg,34.4,0.4137,0.5527,0.1111,0.52,6,1,False,False
226,frame_0114.jpg,45.6,0.4129,0.6472,0.1111,0.28,5,1,False,False
227,frame_0385.jpg,154.0,0.4102,0.5404,0.3333,0.2,9,3,False,False
228,frame_0097.jpg,38.8,0.4082,0.5845,0.3333,0.08,10,3,False,False
229,frame_0104.jpg,41.6,0.4071,0.4328,0.5556,0.12,9,5,False,False
230,frame_0280.jpg,112.0,0.4071,0.5208,0.2222,0.4,7,2,False,False
231,frame_0218.jpg,87.2,0.4067,0.4695,0.3333,0.36,5,3,False,False
232,frame_0281.jpg,112.4,0.3986,0.4878,0.2222,0.44,6,2,False,False
233,frame_0269.jpg,107.6,0.3972,0.6451,0.2222,0.04,7,2,False,False
234,frame_0302.jpg,120.8,0.3971,0.5008,0.2222,0.4,10,2,False,False
235,frame_0198.jpg,79.2,0.3936,0.4779,0.2222,0.44,6,2,False,False
236,frame_0111.jpg,44.4,0.3915,0.5191,0.3333,0.16,7,3,False,False
237,frame_0121.jpg,48.4,0.3912,0.4918,0.1111,0.56,7,1,False,False
238,frame_0294.jpg,117.6,0.3863,0.418,0.1111,0.72,7,1,False,False
239,frame_0382.jpg,152.8,0.3849,0.5378,0.3333,0.08,6,3,False,False
240,frame_0213.jpg,85.2,0.3837,0.4768,0.1111,0.56,6,1,False,False
241,frame_0209.jpg,83.6,0.3733,0.3252,0.2222,0.72,8,2,False,False
242,frame_0191.jpg,76.4,0.3708,0.4776,0.3333,0.16,5,3,False,False
243,frame_0310.jpg,124.0,0.3605,0.5557,0.2222,0.08,5,2,False,False
244,frame_0098.jpg,39.2,0.3574,0.4988,0.3333,0.04,5,3,False,False
245,frame_0277.jpg,110.8,0.3525,0.3931,0.3333,0.28,7,3,False,False
246,frame_0313.jpg,125.2,0.3421,0.4683,0.3333,0.04,10,3,False,False
247,frame_0101.jpg,40.4,0.3395,0.447,0.3333,0.08,8,3,False,False
248,frame_0210.jpg,84.0,0.3384,0.3382,0.1111,0.68,8,1,False,False
249,frame_0279.jpg,111.6,0.3378,0.3983,0.2222,0.36,5,2,False,False
250,frame_0190.jpg,76.0,0.3253,0.4027,0.3333,0.12,6,3,False,False
251,frame_0226.jpg,90.4,0.3218,0.4277,0.3333,0.04,9,3,False,False
252,frame_0196.jpg,78.4,0.2746,0.3386,0.1111,0.36,5,1,False,False
253,frame_0192.jpg,76.8,0.2622,0.311,0.2222,0.2,6,2,False,False
254,frame_0383.jpg,153.2,0.1976,0.2806,0.1111,0.12,7,1,False,False
255,frame_0272.jpg,108.8,0.1871,0.2756,0.1111,0.08,9,1,False,False
256,frame_0311.jpg,124.4,0.175,0.2673,0.1111,0.04,5,1,False,False
